[
  {
    "label": "Navigation",
    "links": [
      { "text": "Home",           "url": "index.html" },
      { "text": "All Categories", "url": "pages/categories.html" },
      { "text": "Recent Changes", "url": "pages/recent.html" },
      { "text": "About",          "url": "pages/about.html" }
    ]
  },
  {
    "label": "Mathematics",
    "links": [
      { "text": "Mathematics — All Articles", "url": "pages/math/index.html" },
      { "text": "Trigonometry",               "url": "pages/math/trigonometry.html" },
      { "text": "Calculus",                   "url": "pages/math/calculus.html" },
      { "text": "Algebra",                    "url": "pages/math/algebra.html" }
    ]
  },
  {
    "label": "Classical History",
    "links": [
      { "text": "Classical History — All Articles", "url": "pages/history/classical/index.html" },
      { "text": "Athenian Democracy",               "url": "pages/history/classical/athens-democracy.html" },
      { "text": "The Roman Republic",               "url": "pages/history/classical/roman-republic.html" }
    ]
  },
  {
    "label": "American History",
    "links": [
      { "text": "American History — All Articles", "url": "pages/history/american/index.html" },
      { "text": "The American Founding",           "url": "pages/history/american/american-founding.html" },
      { "text": "The Civil War",                   "url": "pages/history/american/civil-war.html" }
    ]
  },
  {
    "label": "Philosophy",
    "links": [
      { "text": "Philosophy — All Articles", "url": "pages/philosophy/index.html" },
      { "text": "Logic",                     "url": "pages/philosophy/logic.html" },
      { "text": "Virtue Ethics",             "url": "pages/philosophy/virtue-ethics.html" },
      { "text": "Natural Law",               "url": "pages/philosophy/natural-law.html" },
      { "text": "Christian Humanism",        "url": "pages/philosophy/christian-humanism.html" }
    ]
  },
  {
    "label": "Theology",
    "links": [
      { "text": "Theology — All Articles", "url": "pages/theology/index.html" },
      { "text": "Plan of Salvation",       "url": "pages/theology/plan-of-salvation.html" },
      { "text": "The Restoration",         "url": "pages/theology/the-restoration.html" }
    ]
  },
  {
    "label": "Natural Sciences",
    "links": [
      { "text": "Natural Sciences — All Articles", "url": "pages/natural-sciences/index.html" },
      { "text": "Physics",                         "url": "pages/natural-sciences/physics.html" },
      { "text": "Chemistry",                       "url": "pages/natural-sciences/chemistry.html" },
      { "text": "Astronomy",                       "url": "pages/natural-sciences/astronomy.html" },
      { "text": "Geology",                         "url": "pages/natural-sciences/geology.html" },
      { "text": "Thermodynamics",                  "url": "pages/natural-sciences/thermodynamics.html" }
    ]
  },
  {
    "label": "Life Sciences",
    "links": [
      { "text": "Life Sciences — All Articles", "url": "pages/life-sciences/index.html" },
      { "text": "Cell Biology",                 "url": "pages/life-sciences/cell-biology.html" },
      { "text": "Genetics",                     "url": "pages/life-sciences/genetics.html" },
      { "text": "Evolution",                    "url": "pages/life-sciences/evolution.html" },
      { "text": "Ecology",                      "url": "pages/life-sciences/ecology.html" },
      { "text": "Human Anatomy",                "url": "pages/life-sciences/human-anatomy.html" }
    ]
  },
  {
    "label": "Social Sciences",
    "links": [
      { "text": "Social Sciences — All Articles", "url": "pages/social-sciences/index.html" },
      { "text": "Economics",                      "url": "pages/social-sciences/economics.html" },
      { "text": "Political Science",              "url": "pages/social-sciences/political-science.html" },
      { "text": "Sociology",                      "url": "pages/social-sciences/sociology.html" },
      { "text": "Psychology",                     "url": "pages/social-sciences/psychology.html" },
      { "text": "Anthropology",                   "url": "pages/social-sciences/anthropology.html" }
    ]
  },
  {
    "label": "Music",
    "links": [
      { "text": "Music — All Articles",    "url": "pages/music/index.html" },
      { "text": "Music Theory",            "url": "pages/music/music-theory.html" },
      { "text": "Classical Music",         "url": "pages/music/classical-music.html" },
      { "text": "Musical Instruments",     "url": "pages/music/musical-instruments.html" },
      { "text": "Folk and Traditional Music", "url": "pages/music/folk-music.html" },
      { "text": "Counterpoint",            "url": "pages/music/counterpoint.html" }
    ]
  }
]
